{
    "loss": 0.6254168748855591,
    "accuracy": 0.8252873420715332
}